{"_timestamp":1.7711570316138594e+09,"train_acc":0.981631863882444,"_wandb":{"runtime":5357},"val_acc":0.7895212285456188,"val_loss":1.0461887056790393,"time_per_epoch":257.13396644592285,"_step":19,"_runtime":5357,"train_loss":0.06268836691927335,"epoch":20}