{"val_loss":2.301330527208254,"train_loss":1.7648886054039739,"train_acc":0.48975251353441607,"time_per_epoch":121.41359210014343,"_wandb":{"runtime":1208},"epoch":10,"_timestamp":1.7711657395509663e+09,"_runtime":1208,"_step":9,"val_acc":0.37759710930442636}