{"val_loss":2.2311902326189297,"_runtime":1273,"_step":9,"epoch":10,"train_acc":0.5386697602474865,"val_acc":0.3938572719060524,"train_loss":1.5855569934439309,"_wandb":{"runtime":1273},"_timestamp":1.7711671326564562e+09,"time_per_epoch":165.09932732582092}