{"val_loss":2.5182441988826985,"_step":9,"train_loss":2.2717194264007,"val_acc":0.3053297199638663,"time_per_epoch":166.23434376716614,"_wandb":{"runtime":1587},"_timestamp":1.7711625231476493e+09,"epoch":10,"train_acc":0.3565351894818252,"_runtime":1587}