{"_wandb":{"runtime":1455},"val_loss":2.317809740917685,"_runtime":1455,"time_per_epoch":120.30465197563171,"val_acc":0.35862691960252935,"_step":9,"_timestamp":1.771164328181246e+09,"epoch":10,"train_acc":0.43638824439288476,"train_loss":1.995676603044361}