{"time_per_epoch":128.96059322357178,"epoch":20,"_wandb":{"runtime":2514},"_timestamp":1.7710590354804804e+09,"train_acc":0.26546790409899457,"val_loss":2.7349171464036153,"_runtime":2514,"_step":19,"val_acc":0.25022583559168926,"train_loss":2.6297266182748276}