{"train_acc":0.5734725444702243,"val_acc":0.3974706413730804,"_step":9,"val_loss":2.2510871131245684,"time_per_epoch":165.37379384040833,"_wandb":{"runtime":1568},"epoch":10,"_runtime":1568,"train_loss":1.4551216117743826,"_timestamp":1.7711690365932994e+09}