{"val_acc":0.6964769647696477,"epoch":20,"_timestamp":1.7710621489239285e+09,"_step":19,"val_loss":1.1456614258920381,"time_per_epoch":126.16653990745544,"_runtime":2543,"train_loss":0.6185867505670977,"train_acc":0.798723897911833,"_wandb":{"runtime":2543}}